param_id,equipment_id,parameter_category,parameter_name,parameter_value,timestamp
1,1001,emissions,CO2,4960.868,2024-01-01
2,1001,emissions,CO2,5517.492,2024-01-02
3,1001,emissions,CO2,5567.55,2024-01-03
4,1001,emissions,CO2,5789.921,2024-01-04
5,1001,emissions,CO2,5800.898,2024-01-05
6,1001,emissions,CO2,5979.609,2024-01-06
7,1001,emissions,CO2,4883.288,2024-01-07
8,1001,emissions,CO2,5990.917,2024-01-08
9,1001,emissions,CO2,4433.318,2024-01-09
10,1001,emissions,CO2,3783.496,2024-01-10
11,1001,emissions,CO2,5837.546,2024-01-11
12,1001,emissions,CO2,5213.29,2024-01-12
13,1001,emissions,CO2,3361.358,2024-01-13
14,1001,emissions,CO2,4275.327,2024-01-14
15,1001,emissions,CO2,4374.329,2024-01-15
16,1001,emissions,CO2,5059.953,2024-01-16
17,1001,emissions,CO2,4546.512,2024-01-17
18,1001,emissions,CO2,4910.391,2024-01-18
19,1001,emissions,CO2,5847.043,2024-01-19
20,1001,emissions,CO2,6078.997,2024-01-20
21,1001,emissions,CO2,4816.172,2024-01-21
22,1001,emissions,CO2,6040.758,2024-01-22
23,1001,emissions,CO2,4318.922,2024-01-23
24,1001,emissions,CO2,4879.212,2024-01-24
25,1001,emissions,CO2,5965.957,2024-01-25
26,1001,emissions,CO2,4395.749,2024-01-26
27,1001,emissions,CO2,5544.337,2024-01-27
28,1001,emissions,CO2,3654.058,2024-01-28
29,1001,emissions,CO2,6381.323,2024-01-29
30,1001,emissions,CO2,6454.538,2024-01-30
31,1001,emissions,CO2,4399.117,2024-01-31
32,1001,emissions,CH4,15.178,2024-01-01
33,1001,emissions,CH4,30.98,2024-01-02
34,1001,emissions,CH4,0.773,2024-01-03
35,1001,emissions,CH4,7.332,2024-01-04
36,1001,emissions,CH4,3.046,2024-01-05
37,1001,emissions,CH4,32.01,2024-01-06
38,1001,emissions,CH4,0.661,2024-01-07
39,1001,emissions,CH4,37.934,2024-01-08
40,1001,emissions,CH4,3.186,2024-01-09
41,1001,emissions,CH4,8.989,2024-01-10
42,1001,emissions,CH4,6.621,2024-01-11
43,1001,emissions,CH4,3.569,2024-01-12
44,1001,emissions,CH4,24.212,2024-01-13
45,1001,emissions,CH4,35.355,2024-01-14
46,1001,emissions,CH4,30.248,2024-01-15
47,1001,emissions,CH4,4.813,2024-01-16
48,1001,emissions,CH4,1.614,2024-01-17
49,1001,emissions,CH4,40.175,2024-01-18
50,1001,emissions,CH4,8.466,2024-01-19
51,1001,emissions,CH4,5.938,2024-01-20
52,1001,emissions,CH4,57.103,2024-01-21
53,1001,emissions,CH4,10.574,2024-01-22
54,1001,emissions,CH4,14.112,2024-01-23
55,1001,emissions,CH4,16.828,2024-01-24
56,1001,emissions,CH4,10.512,2024-01-25
57,1001,emissions,CH4,9.213,2024-01-26
58,1001,emissions,CH4,10.803,2024-01-27
59,1001,emissions,CH4,10.138,2024-01-28
60,1001,emissions,CH4,5.945,2024-01-29
61,1001,emissions,CH4,43.837,2024-01-30
62,1001,emissions,CH4,2.11,2024-01-31
63,1001,emissions,NOx,193.432,2024-01-01
64,1001,emissions,NOx,164.157,2024-01-02
65,1001,emissions,NOx,139.062,2024-01-03
66,1001,emissions,NOx,255.717,2024-01-04
67,1001,emissions,NOx,101.393,2024-01-05
68,1001,emissions,NOx,203.348,2024-01-06
69,1001,emissions,NOx,93.805,2024-01-07
70,1001,emissions,NOx,165.698,2024-01-08
71,1001,emissions,NOx,121.29,2024-01-09
72,1001,emissions,NOx,177.018,2024-01-10
73,1001,emissions,NOx,162.412,2024-01-11
74,1001,emissions,NOx,209.34,2024-01-12
75,1001,emissions,NOx,163.952,2024-01-13
76,1001,emissions,NOx,253.977,2024-01-14
77,1001,emissions,NOx,137.125,2024-01-15
78,1001,emissions,NOx,233.027,2024-01-16
79,1001,emissions,NOx,202.495,2024-01-17
80,1001,emissions,NOx,176.661,2024-01-18
81,1001,emissions,NOx,146.04,2024-01-19
82,1001,emissions,NOx,186.793,2024-01-20
83,1001,emissions,NOx,163.948,2024-01-21
84,1001,emissions,NOx,112.741,2024-01-22
85,1001,emissions,NOx,152.25,2024-01-23
86,1001,emissions,NOx,55.672,2024-01-24
87,1001,emissions,NOx,144.173,2024-01-25
88,1001,emissions,NOx,49.949,2024-01-26
89,1001,emissions,NOx,127.574,2024-01-27
90,1001,emissions,NOx,263.806,2024-01-28
91,1001,emissions,NOx,209.887,2024-01-29
92,1001,emissions,NOx,4.444,2024-01-30
93,1001,emissions,NOx,147.198,2024-01-31
94,1001,emissions,SOx,92.026,2024-01-01
95,1001,emissions,SOx,91.225,2024-01-02
96,1001,emissions,SOx,67.888,2024-01-03
97,1001,emissions,SOx,80.147,2024-01-04
98,1001,emissions,SOx,79.116,2024-01-05
99,1001,emissions,SOx,106.044,2024-01-06
100,1001,emissions,SOx,79.866,2024-01-07
101,1001,emissions,SOx,132.659,2024-01-08
102,1001,emissions,SOx,114.959,2024-01-09
103,1001,emissions,SOx,77.585,2024-01-10
104,1001,emissions,SOx,106.607,2024-01-11
105,1001,emissions,SOx,109.306,2024-01-12
106,1001,emissions,SOx,149.747,2024-01-13
107,1001,emissions,SOx,120.234,2024-01-14
108,1001,emissions,SOx,510.76,2024-01-15
109,1001,emissions,SOx,90.172,2024-01-16
110,1001,emissions,SOx,71.164,2024-01-17
111,1001,emissions,SOx,57.914,2024-01-18
112,1001,emissions,SOx,196.11,2024-01-19
113,1001,emissions,SOx,91.745,2024-01-20
114,1001,emissions,SOx,88.681,2024-01-21
115,1001,emissions,SOx,169.925,2024-01-22
116,1001,emissions,SOx,124.245,2024-01-23
117,1001,emissions,SOx,117.672,2024-01-24
118,1001,emissions,SOx,119.984,2024-01-25
119,1001,emissions,SOx,109.295,2024-01-26
120,1001,emissions,SOx,111.878,2024-01-27
121,1001,emissions,SOx,116.34,2024-01-28
122,1001,emissions,SOx,142.883,2024-01-29
123,1001,emissions,SOx,102.49,2024-01-30
124,1001,emissions,SOx,99.671,2024-01-31
125,1001,emissions,PM10,63.638,2024-01-01
126,1001,emissions,PM10,45.914,2024-01-02
127,1001,emissions,PM10,25.636,2024-01-03
128,1001,emissions,PM10,55.339,2024-01-04
129,1001,emissions,PM10,7.408,2024-01-05
130,1001,emissions,PM10,30.122,2024-01-06
131,1001,emissions,PM10,67.737,2024-01-07
132,1001,emissions,PM10,41.283,2024-01-08
133,1001,emissions,PM10,49.158,2024-01-09
134,1001,emissions,PM10,16.328,2024-01-10
135,1001,emissions,PM10,53.392,2024-01-11
136,1001,emissions,PM10,26.945,2024-01-12
137,1001,emissions,PM10,64.507,2024-01-13
138,1001,emissions,PM10,46.374,2024-01-14
139,1001,emissions,PM10,21.122,2024-01-15
140,1001,emissions,PM10,44.842,2024-01-16
141,1001,emissions,PM10,26.719,2024-01-17
142,1001,emissions,PM10,39.044,2024-01-18
143,1001,emissions,PM10,44.133,2024-01-19
144,1001,emissions,PM10,37.074,2024-01-20
145,1001,emissions,PM10,39.944,2024-01-21
146,1001,emissions,PM10,39.709,2024-01-22
147,1001,emissions,PM10,34.688,2024-01-23
148,1001,emissions,PM10,66.0,2024-01-24
149,1001,emissions,PM10,43.703,2024-01-25
150,1001,emissions,PM10,47.389,2024-01-26
151,1001,emissions,PM10,59.162,2024-01-27
152,1001,emissions,PM10,56.558,2024-01-28
153,1001,emissions,PM10,53.217,2024-01-29
154,1001,emissions,PM10,45.351,2024-01-30
155,1001,emissions,PM10,60.348,2024-01-31
156,1001,emissions,PM2.5,41.306,2024-01-01
157,1001,emissions,PM2.5,14.905,2024-01-02
158,1001,emissions,PM2.5,25.754,2024-01-03
159,1001,emissions,PM2.5,33.923,2024-01-04
160,1001,emissions,PM2.5,31.6,2024-01-05
161,1001,emissions,PM2.5,34.734,2024-01-06
162,1001,emissions,PM2.5,50.721,2024-01-07
163,1001,emissions,PM2.5,28.767,2024-01-08
164,1001,emissions,PM2.5,32.745,2024-01-09
165,1001,emissions,PM2.5,37.126,2024-01-10
166,1001,emissions,PM2.5,29.446,2024-01-11
167,1001,emissions,PM2.5,41.859,2024-01-12
168,1001,emissions,PM2.5,22.881,2024-01-13
169,1001,emissions,PM2.5,27.366,2024-01-14
170,1001,emissions,PM2.5,4.894,2024-01-15
171,1001,emissions,PM2.5,29.322,2024-01-16
172,1001,emissions,PM2.5,20.538,2024-01-17
173,1001,emissions,PM2.5,7.726,2024-01-18
174,1001,emissions,PM2.5,26.619,2024-01-19
175,1001,emissions,PM2.5,29.682,2024-01-20
176,1001,emissions,PM2.5,24.109,2024-01-21
177,1001,emissions,PM2.5,36.994,2024-01-22
178,1001,emissions,PM2.5,26.279,2024-01-23
179,1001,emissions,PM2.5,42.993,2024-01-24
180,1001,emissions,PM2.5,-5.061,2024-01-25
181,1001,emissions,PM2.5,42.42,2024-01-26
182,1001,emissions,PM2.5,60.246,2024-01-27
183,1001,emissions,PM2.5,28.187,2024-01-28
184,1001,emissions,PM2.5,28.264,2024-01-29
185,1001,emissions,PM2.5,23.325,2024-01-30
186,1001,emissions,PM2.5,31.181,2024-01-31
187,1001,water,pH,7.795,2024-01-01
188,1001,water,pH,8.202,2024-01-02
189,1001,water,pH,7.513,2024-01-03
190,1001,water,pH,8.218,2024-01-04
191,1001,water,pH,7.837,2024-01-05
192,1001,water,pH,7.842,2024-01-06
193,1001,water,pH,6.247,2024-01-07
194,1001,water,pH,8.444,2024-01-08
195,1001,water,pH,7.578,2024-01-09
196,1001,water,pH,6.888,2024-01-10
197,1001,water,pH,8.016,2024-01-11
198,1001,water,pH,8.706,2024-01-12
199,1001,water,pH,7.459,2024-01-13
200,1001,water,pH,7.158,2024-01-14
201,1001,water,pH,8.513,2024-01-15
202,1001,water,pH,7.257,2024-01-16
203,1001,water,pH,7.211,2024-01-17
204,1001,water,pH,7.691,2024-01-18
205,1001,water,pH,8.053,2024-01-19
206,1001,water,pH,7.738,2024-01-20
207,1001,water,pH,7.836,2024-01-21
208,1001,water,pH,7.349,2024-01-22
209,1001,water,pH,8.313,2024-01-23
210,1001,water,pH,7.307,2024-01-24
211,1001,water,pH,7.329,2024-01-25
212,1001,water,pH,7.96,2024-01-26
213,1001,water,pH,7.213,2024-01-27
214,1001,water,pH,6.863,2024-01-28
215,1001,water,pH,7.233,2024-01-29
216,1001,water,pH,8.121,2024-01-30
217,1001,water,pH,7.813,2024-01-31
218,1001,water,turbidity,1.7,2024-01-01
219,1001,water,turbidity,3.929,2024-01-02
220,1001,water,turbidity,3.909,2024-01-03
221,1001,water,turbidity,11.614,2024-01-04
222,1001,water,turbidity,35.862,2024-01-05
223,1001,water,turbidity,2.972,2024-01-06
224,1001,water,turbidity,4.404,2024-01-07
225,1001,water,turbidity,5.014,2024-01-08
226,1001,water,turbidity,5.895,2024-01-09
227,1001,water,turbidity,7.291,2024-01-10
228,1001,water,turbidity,4.099,2024-01-11
229,1001,water,turbidity,0.332,2024-01-12
230,1001,water,turbidity,1.748,2024-01-13
231,1001,water,turbidity,2.697,2024-01-14
232,1001,water,turbidity,5.169,2024-01-15
233,1001,water,turbidity,3.24,2024-01-16
234,1001,water,turbidity,16.02,2024-01-17
235,1001,water,turbidity,3.98,2024-01-18
236,1001,water,turbidity,3.77,2024-01-19
237,1001,water,turbidity,2.012,2024-01-20
238,1001,water,turbidity,9.175,2024-01-21
239,1001,water,turbidity,16.122,2024-01-22
240,1001,water,turbidity,2.737,2024-01-23
241,1001,water,turbidity,18.1,2024-01-24
242,1001,water,turbidity,1.518,2024-01-25
243,1001,water,turbidity,5.115,2024-01-26
244,1001,water,turbidity,4.522,2024-01-27
245,1001,water,turbidity,2.806,2024-01-28
246,1001,water,turbidity,2.28,2024-01-29
247,1001,water,turbidity,5.629,2024-01-30
248,1001,water,turbidity,0.817,2024-01-31
249,1001,water,dissolved_oxygen,11.051,2024-01-01
250,1001,water,dissolved_oxygen,8.374,2024-01-02
251,1001,water,dissolved_oxygen,7.483,2024-01-03
252,1001,water,dissolved_oxygen,9.055,2024-01-04
253,1001,water,dissolved_oxygen,7.62,2024-01-05
254,1001,water,dissolved_oxygen,9.137,2024-01-06
255,1001,water,dissolved_oxygen,7.61,2024-01-07
256,1001,water,dissolved_oxygen,9.075,2024-01-08
257,1001,water,dissolved_oxygen,9.329,2024-01-09
258,1001,water,dissolved_oxygen,6.412,2024-01-10
259,1001,water,dissolved_oxygen,8.94,2024-01-11
260,1001,water,dissolved_oxygen,7.563,2024-01-12
261,1001,water,dissolved_oxygen,9.775,2024-01-13
262,1001,water,dissolved_oxygen,8.747,2024-01-14
263,1001,water,dissolved_oxygen,7.931,2024-01-15
264,1001,water,dissolved_oxygen,6.609,2024-01-16
265,1001,water,dissolved_oxygen,7.754,2024-01-17
266,1001,water,dissolved_oxygen,9.464,2024-01-18
267,1001,water,dissolved_oxygen,7.126,2024-01-19
268,1001,water,dissolved_oxygen,1.638,2024-01-20
269,1001,water,dissolved_oxygen,9.687,2024-01-21
270,1001,water,dissolved_oxygen,11.779,2024-01-22
271,1001,water,dissolved_oxygen,10.523,2024-01-23
272,1001,water,dissolved_oxygen,10.32,2024-01-24
273,1001,water,dissolved_oxygen,11.829,2024-01-25
274,1001,water,dissolved_oxygen,5.897,2024-01-26
275,1001,water,dissolved_oxygen,8.232,2024-01-27
276,1001,water,dissolved_oxygen,6.883,2024-01-28
277,1001,water,dissolved_oxygen,7.004,2024-01-29
278,1001,water,dissolved_oxygen,7.322,2024-01-30
279,1001,water,dissolved_oxygen,4.546,2024-01-31
280,1001,water,temperature,14.744,2024-01-01
281,1001,water,temperature,13.903,2024-01-02
282,1001,water,temperature,15.047,2024-01-03
283,1001,water,temperature,14.899,2024-01-04
284,1001,water,temperature,10.21,2024-01-05
285,1001,water,temperature,19.47,2024-01-06
286,1001,water,temperature,17.221,2024-01-07
287,1001,water,temperature,15.11,2024-01-08
288,1001,water,temperature,15.771,2024-01-09
289,1001,water,temperature,15.195,2024-01-10
290,1001,water,temperature,14.835,2024-01-11
291,1001,water,temperature,20.116,2024-01-12
292,1001,water,temperature,13.543,2024-01-13
293,1001,water,temperature,16.385,2024-01-14
294,1001,water,temperature,18.142,2024-01-15
295,1001,water,temperature,17.275,2024-01-16
296,1001,water,temperature,18.883,2024-01-17
297,1001,water,temperature,15.066,2024-01-18
298,1001,water,temperature,18.561,2024-01-19
299,1001,water,temperature,20.151,2024-01-20
300,1001,water,temperature,17.108,2024-01-21
301,1001,water,temperature,19.69,2024-01-22
302,1001,water,temperature,86.89,2024-01-23
303,1001,water,temperature,15.94,2024-01-24
304,1001,water,temperature,17.939,2024-01-25
305,1001,water,temperature,18.494,2024-01-26
306,1001,water,temperature,21.06,2024-01-27
307,1001,water,temperature,23.213,2024-01-28
308,1001,water,temperature,15.578,2024-01-29
309,1001,water,temperature,20.176,2024-01-30
310,1001,water,temperature,19.067,2024-01-31
311,1001,water,conductivity,403.456,2024-01-01
312,1001,water,conductivity,619.981,2024-01-02
313,1001,water,conductivity,82.09,2024-01-03
314,1001,water,conductivity,499.136,2024-01-04
315,1001,water,conductivity,445.81,2024-01-05
316,1001,water,conductivity,529.096,2024-01-06
317,1001,water,conductivity,499.361,2024-01-07
318,1001,water,conductivity,535.113,2024-01-08
319,1001,water,conductivity,525.611,2024-01-09
320,1001,water,conductivity,685.627,2024-01-10
321,1001,water,conductivity,496.35,2024-01-11
322,1001,water,conductivity,496.135,2024-01-12
323,1001,water,conductivity,564.708,2024-01-13
324,1001,water,conductivity,430.983,2024-01-14
325,1001,water,conductivity,382.969,2024-01-15
326,1001,water,conductivity,475.324,2024-01-16
327,1001,water,conductivity,557.037,2024-01-17
328,1001,water,conductivity,481.416,2024-01-18
329,1001,water,conductivity,398.673,2024-01-19
330,1001,water,conductivity,645.855,2024-01-20
331,1001,water,conductivity,712.731,2024-01-21
332,1001,water,conductivity,603.324,2024-01-22
333,1001,water,conductivity,104.233,2024-01-23
334,1001,water,conductivity,434.315,2024-01-24
335,1001,water,conductivity,520.016,2024-01-25
336,1001,water,conductivity,546.255,2024-01-26
337,1001,water,conductivity,614.582,2024-01-27
338,1001,water,conductivity,546.231,2024-01-28
339,1001,water,conductivity,2389.945,2024-01-29
340,1001,water,conductivity,421.426,2024-01-30
341,1001,water,conductivity,709.063,2024-01-31
342,1001,water,total_suspended_solids,5.607,2024-01-01
343,1001,water,total_suspended_solids,12.328,2024-01-02
344,1001,water,total_suspended_solids,34.605,2024-01-03
345,1001,water,total_suspended_solids,48.663,2024-01-04
346,1001,water,total_suspended_solids,29.55,2024-01-05
347,1001,water,total_suspended_solids,41.31,2024-01-06
348,1001,water,total_suspended_solids,132.341,2024-01-07
349,1001,water,total_suspended_solids,24.518,2024-01-08
350,1001,water,total_suspended_solids,56.445,2024-01-09
351,1001,water,total_suspended_solids,92.564,2024-01-10
352,1001,water,total_suspended_solids,244.145,2024-01-11
353,1001,water,total_suspended_solids,9.477,2024-01-12
354,1001,water,total_suspended_solids,11.099,2024-01-13
355,1001,water,total_suspended_solids,53.72,2024-01-14
356,1001,water,total_suspended_solids,13.685,2024-01-15
357,1001,water,total_suspended_solids,35.458,2024-01-16
358,1001,water,total_suspended_solids,32.752,2024-01-17
359,1001,water,total_suspended_solids,9.568,2024-01-18
360,1001,water,total_suspended_solids,16.815,2024-01-19
361,1001,water,total_suspended_solids,33.93,2024-01-20
362,1001,water,total_suspended_solids,7.753,2024-01-21
363,1001,water,total_suspended_solids,34.921,2024-01-22
364,1001,water,total_suspended_solids,8.005,2024-01-23
365,1001,water,total_suspended_solids,48.778,2024-01-24
366,1001,water,total_suspended_solids,86.231,2024-01-25
367,1001,water,total_suspended_solids,2.582,2024-01-26
368,1001,water,total_suspended_solids,9.629,2024-01-27
369,1001,water,total_suspended_solids,16.672,2024-01-28
370,1001,water,total_suspended_solids,152.771,2024-01-29
371,1001,water,total_suspended_solids,2.499,2024-01-30
372,1001,water,total_suspended_solids,4.338,2024-01-31
373,1002,emissions,CO2,4272.457,2024-01-01
374,1002,emissions,CO2,25091.215,2024-01-02
375,1002,emissions,CO2,5086.786,2024-01-03
376,1002,emissions,CO2,4865.47,2024-01-04
377,1002,emissions,CO2,5047.851,2024-01-05
378,1002,emissions,CO2,3854.974,2024-01-06
379,1002,emissions,CO2,3598.149,2024-01-07
380,1002,emissions,CO2,6153.437,2024-01-08
381,1002,emissions,CO2,4226.972,2024-01-09
382,1002,emissions,CO2,3684.74,2024-01-10
383,1002,emissions,CO2,5580.216,2024-01-11
384,1002,emissions,CO2,5549.464,2024-01-12
385,1002,emissions,CO2,6548.531,2024-01-13
386,1002,emissions,CO2,4016.732,2024-01-14
387,1002,emissions,CO2,2399.659,2024-01-15
388,1002,emissions,CO2,4533.672,2024-01-16
389,1002,emissions,CO2,5196.757,2024-01-17
390,1002,emissions,CO2,4405.428,2024-01-18
391,1002,emissions,CO2,4772.097,2024-01-19
392,1002,emissions,CO2,5146.627,2024-01-20
393,1002,emissions,CO2,6319.669,2024-01-21
394,1002,emissions,CO2,3429.29,2024-01-22
395,1002,emissions,CO2,5705.269,2024-01-23
396,1002,emissions,CO2,4429.898,2024-01-24
397,1002,emissions,CO2,3456.906,2024-01-25
398,1002,emissions,CO2,6681.321,2024-01-26
399,1002,emissions,CO2,3504.884,2024-01-27
400,1002,emissions,CO2,4048.146,2024-01-28
401,1002,emissions,CO2,4733.565,2024-01-29
402,1002,emissions,CO2,5776.508,2024-01-30
403,1002,emissions,CO2,4609.52,2024-01-31
404,1002,emissions,CH4,4.143,2024-01-01
405,1002,emissions,CH4,12.11,2024-01-02
406,1002,emissions,CH4,20.438,2024-01-03
407,1002,emissions,CH4,36.946,2024-01-04
408,1002,emissions,CH4,6.967,2024-01-05
409,1002,emissions,CH4,65.327,2024-01-06
410,1002,emissions,CH4,3.077,2024-01-07
411,1002,emissions,CH4,10.742,2024-01-08
412,1002,emissions,CH4,8.888,2024-01-09
413,1002,emissions,CH4,24.089,2024-01-10
414,1002,emissions,CH4,39.794,2024-01-11
415,1002,emissions,CH4,18.445,2024-01-12
416,1002,emissions,CH4,10.059,2024-01-13
417,1002,emissions,CH4,9.33,2024-01-14
418,1002,emissions,CH4,3.667,2024-01-15
419,1002,emissions,CH4,5.877,2024-01-16
420,1002,emissions,CH4,17.954,2024-01-17
421,1002,emissions,CH4,8.269,2024-01-18
422,1002,emissions,CH4,1.753,2024-01-19
423,1002,emissions,CH4,0.594,2024-01-20
424,1002,emissions,CH4,38.925,2024-01-21
425,1002,emissions,CH4,28.395,2024-01-22
426,1002,emissions,CH4,1.588,2024-01-23
427,1002,emissions,CH4,29.46,2024-01-24
428,1002,emissions,CH4,12.759,2024-01-25
429,1002,emissions,CH4,0.003,2024-01-26
430,1002,emissions,CH4,36.377,2024-01-27
431,1002,emissions,CH4,8.744,2024-01-28
432,1002,emissions,CH4,4.192,2024-01-29
433,1002,emissions,CH4,37.936,2024-01-30
434,1002,emissions,CH4,12.738,2024-01-31
435,1002,emissions,NOx,131.251,2024-01-01
436,1002,emissions,NOx,111.143,2024-01-02
437,1002,emissions,NOx,94.567,2024-01-03
438,1002,emissions,NOx,111.045,2024-01-04
439,1002,emissions,NOx,99.667,2024-01-05
440,1002,emissions,NOx,181.225,2024-01-06
441,1002,emissions,NOx,48.783,2024-01-07
442,1002,emissions,NOx,173.642,2024-01-08
443,1002,emissions,NOx,112.473,2024-01-09
444,1002,emissions,NOx,193.407,2024-01-10
445,1002,emissions,NOx,35.628,2024-01-11
446,1002,emissions,NOx,196.551,2024-01-12
447,1002,emissions,NOx,127.662,2024-01-13
448,1002,emissions,NOx,211.891,2024-01-14
449,1002,emissions,NOx,200.038,2024-01-15
450,1002,emissions,NOx,184.77,2024-01-16
451,1002,emissions,NOx,35.317,2024-01-17
452,1002,emissions,NOx,138.192,2024-01-18
453,1002,emissions,NOx,258.46,2024-01-19
454,1002,emissions,NOx,121.224,2024-01-20
455,1002,emissions,NOx,206.734,2024-01-21
456,1002,emissions,NOx,116.612,2024-01-22
457,1002,emissions,NOx,123.836,2024-01-23
458,1002,emissions,NOx,115.983,2024-01-24
459,1002,emissions,NOx,49.962,2024-01-25
460,1002,emissions,NOx,96.844,2024-01-26
461,1002,emissions,NOx,188.249,2024-01-27
462,1002,emissions,NOx,120.862,2024-01-28
463,1002,emissions,NOx,146.159,2024-01-29
464,1002,emissions,NOx,184.737,2024-01-30
465,1002,emissions,NOx,135.629,2024-01-31
466,1002,emissions,SOx,94.515,2024-01-01
467,1002,emissions,SOx,118.72,2024-01-02
468,1002,emissions,SOx,136.527,2024-01-03
469,1002,emissions,SOx,112.413,2024-01-04
470,1002,emissions,SOx,-0.657,2024-01-05
471,1002,emissions,SOx,124.822,2024-01-06
472,1002,emissions,SOx,89.005,2024-01-07
473,1002,emissions,SOx,130.273,2024-01-08
474,1002,emissions,SOx,87.86,2024-01-09
475,1002,emissions,SOx,41.73,2024-01-10
476,1002,emissions,SOx,131.568,2024-01-11
477,1002,emissions,SOx,51.132,2024-01-12
478,1002,emissions,SOx,68.439,2024-01-13
479,1002,emissions,SOx,112.169,2024-01-14
480,1002,emissions,SOx,94.607,2024-01-15
481,1002,emissions,SOx,124.71,2024-01-16
482,1002,emissions,SOx,43.855,2024-01-17
483,1002,emissions,SOx,438.78,2024-01-18
484,1002,emissions,SOx,86.011,2024-01-19
485,1002,emissions,SOx,109.339,2024-01-20
486,1002,emissions,SOx,124.203,2024-01-21
487,1002,emissions,SOx,116.743,2024-01-22
488,1002,emissions,SOx,112.214,2024-01-23
489,1002,emissions,SOx,155.288,2024-01-24
490,1002,emissions,SOx,87.917,2024-01-25
491,1002,emissions,SOx,66.893,2024-01-26
492,1002,emissions,SOx,60.873,2024-01-27
493,1002,emissions,SOx,72.315,2024-01-28
494,1002,emissions,SOx,106.775,2024-01-29
495,1002,emissions,SOx,77.39,2024-01-30
496,1002,emissions,SOx,121.947,2024-01-31
497,1002,emissions,PM10,44.874,2024-01-01
498,1002,emissions,PM10,42.634,2024-01-02
499,1002,emissions,PM10,42.258,2024-01-03
500,1002,emissions,PM10,51.455,2024-01-04
501,1002,emissions,PM10,77.454,2024-01-05
502,1002,emissions,PM10,38.256,2024-01-06
503,1002,emissions,PM10,48.252,2024-01-07
504,1002,emissions,PM10,58.993,2024-01-08
505,1002,emissions,PM10,45.349,2024-01-09
506,1002,emissions,PM10,30.3,2024-01-10
507,1002,emissions,PM10,32.34,2024-01-11
508,1002,emissions,PM10,49.265,2024-01-12
509,1002,emissions,PM10,65.727,2024-01-13
510,1002,emissions,PM10,26.586,2024-01-14
511,1002,emissions,PM10,50.723,2024-01-15
512,1002,emissions,PM10,86.9,2024-01-16
513,1002,emissions,PM10,6.152,2024-01-17
514,1002,emissions,PM10,69.668,2024-01-18
515,1002,emissions,PM10,39.438,2024-01-19
516,1002,emissions,PM10,43.264,2024-01-20
517,1002,emissions,PM10,61.222,2024-01-21
518,1002,emissions,PM10,45.972,2024-01-22
519,1002,emissions,PM10,61.463,2024-01-23
520,1002,emissions,PM10,59.045,2024-01-24
521,1002,emissions,PM10,19.769,2024-01-25
522,1002,emissions,PM10,36.734,2024-01-26
523,1002,emissions,PM10,56.979,2024-01-27
524,1002,emissions,PM10,50.811,2024-01-28
525,1002,emissions,PM10,49.171,2024-01-29
526,1002,emissions,PM10,40.546,2024-01-30
527,1002,emissions,PM10,39.804,2024-01-31
528,1002,emissions,PM2.5,32.547,2024-01-01
529,1002,emissions,PM2.5,7.985,2024-01-02
530,1002,emissions,PM2.5,27.022,2024-01-03
531,1002,emissions,PM2.5,26.743,2024-01-04
532,1002,emissions,PM2.5,26.938,2024-01-05
533,1002,emissions,PM2.5,20.173,2024-01-06
534,1002,emissions,PM2.5,14.034,2024-01-07
535,1002,emissions,PM2.5,35.897,2024-01-08
536,1002,emissions,PM2.5,26.921,2024-01-09
537,1002,emissions,PM2.5,33.627,2024-01-10
538,1002,emissions,PM2.5,35.958,2024-01-11
539,1002,emissions,PM2.5,51.795,2024-01-12
540,1002,emissions,PM2.5,21.605,2024-01-13
541,1002,emissions,PM2.5,18.186,2024-01-14
542,1002,emissions,PM2.5,7.689,2024-01-15
543,1002,emissions,PM2.5,34.423,2024-01-16
544,1002,emissions,PM2.5,6.594,2024-01-17
545,1002,emissions,PM2.5,27.417,2024-01-18
546,1002,emissions,PM2.5,11.993,2024-01-19
547,1002,emissions,PM2.5,29.492,2024-01-20
548,1002,emissions,PM2.5,34.834,2024-01-21
549,1002,emissions,PM2.5,29.463,2024-01-22
550,1002,emissions,PM2.5,33.976,2024-01-23
551,1002,emissions,PM2.5,9.632,2024-01-24
552,1002,emissions,PM2.5,21.204,2024-01-25
553,1002,emissions,PM2.5,16.676,2024-01-26
554,1002,emissions,PM2.5,23.348,2024-01-27
555,1002,emissions,PM2.5,30.808,2024-01-28
556,1002,emissions,PM2.5,52.106,2024-01-29
557,1002,emissions,PM2.5,31.486,2024-01-30
558,1002,emissions,PM2.5,22.27,2024-01-31
559,1002,water,pH,8.185,2024-01-01
560,1002,water,pH,8.43,2024-01-02
561,1002,water,pH,7.973,2024-01-03
562,1002,water,pH,7.698,2024-01-04
563,1002,water,pH,8.09,2024-01-05
564,1002,water,pH,7.473,2024-01-06
565,1002,water,pH,7.222,2024-01-07
566,1002,water,pH,7.301,2024-01-08
567,1002,water,pH,1.396,2024-01-09
568,1002,water,pH,9.384,2024-01-10
569,1002,water,pH,6.969,2024-01-11
570,1002,water,pH,6.92,2024-01-12
571,1002,water,pH,7.185,2024-01-13
572,1002,water,pH,7.1,2024-01-14
573,1002,water,pH,6.938,2024-01-15
574,1002,water,pH,7.688,2024-01-16
575,1002,water,pH,7.274,2024-01-17
576,1002,water,pH,7.853,2024-01-18
577,1002,water,pH,7.341,2024-01-19
578,1002,water,pH,7.85,2024-01-20
579,1002,water,pH,7.361,2024-01-21
580,1002,water,pH,7.428,2024-01-22
581,1002,water,pH,7.807,2024-01-23
582,1002,water,pH,6.824,2024-01-24
583,1002,water,pH,7.518,2024-01-25
584,1002,water,pH,7.525,2024-01-26
585,1002,water,pH,7.118,2024-01-27
586,1002,water,pH,6.951,2024-01-28
587,1002,water,pH,7.354,2024-01-29
588,1002,water,pH,7.491,2024-01-30
589,1002,water,pH,7.032,2024-01-31
590,1002,water,turbidity,9.935,2024-01-01
591,1002,water,turbidity,0.101,2024-01-02
592,1002,water,turbidity,1.585,2024-01-03
593,1002,water,turbidity,3.136,2024-01-04
594,1002,water,turbidity,4.431,2024-01-05
595,1002,water,turbidity,0.129,2024-01-06
596,1002,water,turbidity,4.461,2024-01-07
597,1002,water,turbidity,4.256,2024-01-08
598,1002,water,turbidity,12.549,2024-01-09
599,1002,water,turbidity,3.067,2024-01-10
600,1002,water,turbidity,0.568,2024-01-11
601,1002,water,turbidity,5.388,2024-01-12
602,1002,water,turbidity,0.488,2024-01-13
603,1002,water,turbidity,2.303,2024-01-14
604,1002,water,turbidity,2.249,2024-01-15
605,1002,water,turbidity,3.607,2024-01-16
606,1002,water,turbidity,1.16,2024-01-17
607,1002,water,turbidity,8.172,2024-01-18
608,1002,water,turbidity,7.018,2024-01-19
609,1002,water,turbidity,10.121,2024-01-20
610,1002,water,turbidity,7.113,2024-01-21
611,1002,water,turbidity,0.508,2024-01-22
612,1002,water,turbidity,5.05,2024-01-23
613,1002,water,turbidity,4.482,2024-01-24
614,1002,water,turbidity,14.597,2024-01-25
615,1002,water,turbidity,2.079,2024-01-26
616,1002,water,turbidity,5.115,2024-01-27
617,1002,water,turbidity,9.933,2024-01-28
618,1002,water,turbidity,5.801,2024-01-29
619,1002,water,turbidity,14.788,2024-01-30
620,1002,water,turbidity,1.347,2024-01-31
621,1002,water,dissolved_oxygen,4.534,2024-01-01
622,1002,water,dissolved_oxygen,7.384,2024-01-02
623,1002,water,dissolved_oxygen,11.325,2024-01-03
624,1002,water,dissolved_oxygen,6.767,2024-01-04
625,1002,water,dissolved_oxygen,9.122,2024-01-05
626,1002,water,dissolved_oxygen,10.438,2024-01-06
627,1002,water,dissolved_oxygen,6.251,2024-01-07
628,1002,water,dissolved_oxygen,6.597,2024-01-08
629,1002,water,dissolved_oxygen,9.405,2024-01-09
630,1002,water,dissolved_oxygen,4.652,2024-01-10
631,1002,water,dissolved_oxygen,7.879,2024-01-11
632,1002,water,dissolved_oxygen,8.599,2024-01-12
633,1002,water,dissolved_oxygen,9.248,2024-01-13
634,1002,water,dissolved_oxygen,6.108,2024-01-14
635,1002,water,dissolved_oxygen,11.546,2024-01-15
636,1002,water,dissolved_oxygen,8.438,2024-01-16
637,1002,water,dissolved_oxygen,11.63,2024-01-17
638,1002,water,dissolved_oxygen,6.121,2024-01-18
639,1002,water,dissolved_oxygen,10.798,2024-01-19
640,1002,water,dissolved_oxygen,6.198,2024-01-20
641,1002,water,dissolved_oxygen,7.597,2024-01-21
642,1002,water,dissolved_oxygen,7.192,2024-01-22
643,1002,water,dissolved_oxygen,5.791,2024-01-23
644,1002,water,dissolved_oxygen,9.632,2024-01-24
645,1002,water,dissolved_oxygen,7.119,2024-01-25
646,1002,water,dissolved_oxygen,6.572,2024-01-26
647,1002,water,dissolved_oxygen,7.763,2024-01-27
648,1002,water,dissolved_oxygen,7.641,2024-01-28
649,1002,water,dissolved_oxygen,9.398,2024-01-29
650,1002,water,dissolved_oxygen,8.55,2024-01-30
651,1002,water,dissolved_oxygen,8.826,2024-01-31
652,1002,water,temperature,13.225,2024-01-01
653,1002,water,temperature,20.75,2024-01-02
654,1002,water,temperature,16.835,2024-01-03
655,1002,water,temperature,16.875,2024-01-04
656,1002,water,temperature,13.928,2024-01-05
657,1002,water,temperature,19.498,2024-01-06
658,1002,water,temperature,69.07,2024-01-07
659,1002,water,temperature,15.678,2024-01-08
660,1002,water,temperature,22.258,2024-01-09
661,1002,water,temperature,15.534,2024-01-10
662,1002,water,temperature,13.133,2024-01-11
663,1002,water,temperature,17.514,2024-01-12
664,1002,water,temperature,16.828,2024-01-13
665,1002,water,temperature,17.344,2024-01-14
666,1002,water,temperature,16.611,2024-01-15
667,1002,water,temperature,17.904,2024-01-16
668,1002,water,temperature,18.255,2024-01-17
669,1002,water,temperature,12.53,2024-01-18
670,1002,water,temperature,16.457,2024-01-19
671,1002,water,temperature,20.853,2024-01-20
672,1002,water,temperature,16.412,2024-01-21
673,1002,water,temperature,20.12,2024-01-22
674,1002,water,temperature,19.708,2024-01-23
675,1002,water,temperature,22.289,2024-01-24
676,1002,water,temperature,103.7,2024-01-25
677,1002,water,temperature,18.775,2024-01-26
678,1002,water,temperature,20.588,2024-01-27
679,1002,water,temperature,17.438,2024-01-28
680,1002,water,temperature,16.917,2024-01-29
681,1002,water,temperature,10.958,2024-01-30
682,1002,water,temperature,18.148,2024-01-31
683,1002,water,conductivity,512.09,2024-01-01
684,1002,water,conductivity,649.638,2024-01-02
685,1002,water,conductivity,567.879,2024-01-03
686,1002,water,conductivity,600.017,2024-01-04
687,1002,water,conductivity,564.079,2024-01-05
688,1002,water,conductivity,304.294,2024-01-06
689,1002,water,conductivity,555.016,2024-01-07
690,1002,water,conductivity,557.594,2024-01-08
691,1002,water,conductivity,532.416,2024-01-09
692,1002,water,conductivity,468.564,2024-01-10
693,1002,water,conductivity,452.704,2024-01-11
694,1002,water,conductivity,378.688,2024-01-12
695,1002,water,conductivity,499.619,2024-01-13
696,1002,water,conductivity,445.513,2024-01-14
697,1002,water,conductivity,416.248,2024-01-15
698,1002,water,conductivity,614.504,2024-01-16
699,1002,water,conductivity,488.927,2024-01-17
700,1002,water,conductivity,493.411,2024-01-18
701,1002,water,conductivity,384.427,2024-01-19
702,1002,water,conductivity,664.922,2024-01-20
703,1002,water,conductivity,533.407,2024-01-21
704,1002,water,conductivity,566.025,2024-01-22
705,1002,water,conductivity,395.084,2024-01-23
706,1002,water,conductivity,539.812,2024-01-24
707,1002,water,conductivity,562.235,2024-01-25
708,1002,water,conductivity,505.486,2024-01-26
709,1002,water,conductivity,462.913,2024-01-27
710,1002,water,conductivity,553.058,2024-01-28
711,1002,water,conductivity,457.134,2024-01-29
712,1002,water,conductivity,561.637,2024-01-30
713,1002,water,conductivity,471.682,2024-01-31
714,1002,water,total_suspended_solids,513.04,2024-01-01
715,1002,water,total_suspended_solids,4.492,2024-01-02
716,1002,water,total_suspended_solids,67.554,2024-01-03
717,1002,water,total_suspended_solids,25.682,2024-01-04
718,1002,water,total_suspended_solids,32.078,2024-01-05
719,1002,water,total_suspended_solids,1.759,2024-01-06
720,1002,water,total_suspended_solids,21.81,2024-01-07
721,1002,water,total_suspended_solids,27.487,2024-01-08
722,1002,water,total_suspended_solids,6.107,2024-01-09
723,1002,water,total_suspended_solids,3.247,2024-01-10
724,1002,water,total_suspended_solids,2.63,2024-01-11
725,1002,water,total_suspended_solids,8.492,2024-01-12
726,1002,water,total_suspended_solids,6.159,2024-01-13
727,1002,water,total_suspended_solids,107.247,2024-01-14
728,1002,water,total_suspended_solids,60.732,2024-01-15
729,1002,water,total_suspended_solids,23.881,2024-01-16
730,1002,water,total_suspended_solids,73.827,2024-01-17
731,1002,water,total_suspended_solids,612.285,2024-01-18
732,1002,water,total_suspended_solids,30.599,2024-01-19
733,1002,water,total_suspended_solids,105.05,2024-01-20
734,1002,water,total_suspended_solids,13.305,2024-01-21
735,1002,water,total_suspended_solids,88.385,2024-01-22
736,1002,water,total_suspended_solids,10.549,2024-01-23
737,1002,water,total_suspended_solids,11.205,2024-01-24
738,1002,water,total_suspended_solids,18.543,2024-01-25
739,1002,water,total_suspended_solids,2.401,2024-01-26
740,1002,water,total_suspended_solids,153.443,2024-01-27
741,1002,water,total_suspended_solids,12.676,2024-01-28
742,1002,water,total_suspended_solids,0.885,2024-01-29
743,1002,water,total_suspended_solids,8.057,2024-01-30
744,1002,water,total_suspended_solids,72.914,2024-01-31
745,1003,emissions,CO2,3796.123,2024-01-01
746,1003,emissions,CO2,2855.482,2024-01-02
747,1003,emissions,CO2,6103.669,2024-01-03
748,1003,emissions,CO2,4899.852,2024-01-04
749,1003,emissions,CO2,6550.411,2024-01-05
750,1003,emissions,CO2,6220.866,2024-01-06
751,1003,emissions,CO2,5683.977,2024-01-07
752,1003,emissions,CO2,5117.836,2024-01-08
753,1003,emissions,CO2,4543.168,2024-01-09
754,1003,emissions,CO2,6137.072,2024-01-10
755,1003,emissions,CO2,5201.287,2024-01-11
756,1003,emissions,CO2,6315.129,2024-01-12
757,1003,emissions,CO2,5565.879,2024-01-13
758,1003,emissions,CO2,1293.577,2024-01-14
759,1003,emissions,CO2,3557.609,2024-01-15
760,1003,emissions,CO2,5310.813,2024-01-16
761,1003,emissions,CO2,2886.829,2024-01-17
762,1003,emissions,CO2,4534.082,2024-01-18
763,1003,emissions,CO2,4991.475,2024-01-19
764,1003,emissions,CO2,5588.356,2024-01-20
765,1003,emissions,CO2,2531.187,2024-01-21
766,1003,emissions,CO2,4599.709,2024-01-22
767,1003,emissions,CO2,3407.589,2024-01-23
768,1003,emissions,CO2,4655.344,2024-01-24
769,1003,emissions,CO2,4441.748,2024-01-25
770,1003,emissions,CO2,6115.61,2024-01-26
771,1003,emissions,CO2,6270.701,2024-01-27
772,1003,emissions,CO2,4106.434,2024-01-28
773,1003,emissions,CO2,5167.946,2024-01-29
774,1003,emissions,CO2,5702.733,2024-01-30
775,1003,emissions,CO2,2487.013,2024-01-31
776,1003,emissions,CH4,20.888,2024-01-01
777,1003,emissions,CH4,9.644,2024-01-02
778,1003,emissions,CH4,4.191,2024-01-03
779,1003,emissions,CH4,31.539,2024-01-04
780,1003,emissions,CH4,46.675,2024-01-05
781,1003,emissions,CH4,3.723,2024-01-06
782,1003,emissions,CH4,41.856,2024-01-07
783,1003,emissions,CH4,3.062,2024-01-08
784,1003,emissions,CH4,34.459,2024-01-09
785,1003,emissions,CH4,30.387,2024-01-10
786,1003,emissions,CH4,9.338,2024-01-11
787,1003,emissions,CH4,0.414,2024-01-12
788,1003,emissions,CH4,6.247,2024-01-13
789,1003,emissions,CH4,15.202,2024-01-14
790,1003,emissions,CH4,21.687,2024-01-15
791,1003,emissions,CH4,4.448,2024-01-16
792,1003,emissions,CH4,16.215,2024-01-17
793,1003,emissions,CH4,18.737,2024-01-18
794,1003,emissions,CH4,17.593,2024-01-19
795,1003,emissions,CH4,5.204,2024-01-20
796,1003,emissions,CH4,12.929,2024-01-21
797,1003,emissions,CH4,62.91,2024-01-22
798,1003,emissions,CH4,29.91,2024-01-23
799,1003,emissions,CH4,28.267,2024-01-24
800,1003,emissions,CH4,0.387,2024-01-25
801,1003,emissions,CH4,27.413,2024-01-26
802,1003,emissions,CH4,27.698,2024-01-27
803,1003,emissions,CH4,56.444,2024-01-28
804,1003,emissions,CH4,13.337,2024-01-29
805,1003,emissions,CH4,19.377,2024-01-30
806,1003,emissions,CH4,2.189,2024-01-31
807,1003,emissions,NOx,139.592,2024-01-01
808,1003,emissions,NOx,80.459,2024-01-02
809,1003,emissions,NOx,210.681,2024-01-03
810,1003,emissions,NOx,160.57,2024-01-04
811,1003,emissions,NOx,133.119,2024-01-05
812,1003,emissions,NOx,161.818,2024-01-06
813,1003,emissions,NOx,142.568,2024-01-07
814,1003,emissions,NOx,159.06,2024-01-08
815,1003,emissions,NOx,103.407,2024-01-09
816,1003,emissions,NOx,152.81,2024-01-10
817,1003,emissions,NOx,161.117,2024-01-11
818,1003,emissions,NOx,121.119,2024-01-12
819,1003,emissions,NOx,112.761,2024-01-13
820,1003,emissions,NOx,120.449,2024-01-14
821,1003,emissions,NOx,124.638,2024-01-15
822,1003,emissions,NOx,147.047,2024-01-16
823,1003,emissions,NOx,132.388,2024-01-17
824,1003,emissions,NOx,155.428,2024-01-18
825,1003,emissions,NOx,182.513,2024-01-19
826,1003,emissions,NOx,171.0,2024-01-20
827,1003,emissions,NOx,189.807,2024-01-21
828,1003,emissions,NOx,157.449,2024-01-22
829,1003,emissions,NOx,198.029,2024-01-23
830,1003,emissions,NOx,162.274,2024-01-24
831,1003,emissions,NOx,9.032,2024-01-25
832,1003,emissions,NOx,218.773,2024-01-26
833,1003,emissions,NOx,276.429,2024-01-27
834,1003,emissions,NOx,175.422,2024-01-28
835,1003,emissions,NOx,197.257,2024-01-29
836,1003,emissions,NOx,165.835,2024-01-30
837,1003,emissions,NOx,85.104,2024-01-31
838,1003,emissions,SOx,73.286,2024-01-01
839,1003,emissions,SOx,103.642,2024-01-02
840,1003,emissions,SOx,99.244,2024-01-03
841,1003,emissions,SOx,122.535,2024-01-04
842,1003,emissions,SOx,92.867,2024-01-05
843,1003,emissions,SOx,81.659,2024-01-06
844,1003,emissions,SOx,59.125,2024-01-07
845,1003,emissions,SOx,64.012,2024-01-08
846,1003,emissions,SOx,104.981,2024-01-09
847,1003,emissions,SOx,80.1,2024-01-10
848,1003,emissions,SOx,90.882,2024-01-11
849,1003,emissions,SOx,46.669,2024-01-12
850,1003,emissions,SOx,49.291,2024-01-13
851,1003,emissions,SOx,87.035,2024-01-14
852,1003,emissions,SOx,91.023,2024-01-15
853,1003,emissions,SOx,106.71,2024-01-16
854,1003,emissions,SOx,90.219,2024-01-17
855,1003,emissions,SOx,75.246,2024-01-18
856,1003,emissions,SOx,108.222,2024-01-19
857,1003,emissions,SOx,41.135,2024-01-20
858,1003,emissions,SOx,115.019,2024-01-21
859,1003,emissions,SOx,137.393,2024-01-22
860,1003,emissions,SOx,106.222,2024-01-23
861,1003,emissions,SOx,204.632,2024-01-24
862,1003,emissions,SOx,111.071,2024-01-25
863,1003,emissions,SOx,142.028,2024-01-26
864,1003,emissions,SOx,123.081,2024-01-27
865,1003,emissions,SOx,74.952,2024-01-28
866,1003,emissions,SOx,53.185,2024-01-29
867,1003,emissions,SOx,96.098,2024-01-30
868,1003,emissions,SOx,109.906,2024-01-31
869,1003,emissions,PM10,55.136,2024-01-01
870,1003,emissions,PM10,41.957,2024-01-02
871,1003,emissions,PM10,29.78,2024-01-03
872,1003,emissions,PM10,47.659,2024-01-04
873,1003,emissions,PM10,49.089,2024-01-05
874,1003,emissions,PM10,57.888,2024-01-06
875,1003,emissions,PM10,55.795,2024-01-07
876,1003,emissions,PM10,56.366,2024-01-08
877,1003,emissions,PM10,54.294,2024-01-09
878,1003,emissions,PM10,25.067,2024-01-10
879,1003,emissions,PM10,66.404,2024-01-11
880,1003,emissions,PM10,45.731,2024-01-12
881,1003,emissions,PM10,31.905,2024-01-13
882,1003,emissions,PM10,78.866,2024-01-14
883,1003,emissions,PM10,52.756,2024-01-15
884,1003,emissions,PM10,62.393,2024-01-16
885,1003,emissions,PM10,55.083,2024-01-17
886,1003,emissions,PM10,55.117,2024-01-18
887,1003,emissions,PM10,56.777,2024-01-19
888,1003,emissions,PM10,61.599,2024-01-20
889,1003,emissions,PM10,51.144,2024-01-21
890,1003,emissions,PM10,29.3,2024-01-22
891,1003,emissions,PM10,55.827,2024-01-23
892,1003,emissions,PM10,49.589,2024-01-24
893,1003,emissions,PM10,64.123,2024-01-25
894,1003,emissions,PM10,40.561,2024-01-26
895,1003,emissions,PM10,70.555,2024-01-27
896,1003,emissions,PM10,39.201,2024-01-28
897,1003,emissions,PM10,49.946,2024-01-29
898,1003,emissions,PM10,38.021,2024-01-30
899,1003,emissions,PM10,56.78,2024-01-31
900,1003,emissions,PM2.5,47.605,2024-01-01
901,1003,emissions,PM2.5,32.389,2024-01-02
902,1003,emissions,PM2.5,24.627,2024-01-03
903,1003,emissions,PM2.5,14.014,2024-01-04
904,1003,emissions,PM2.5,24.682,2024-01-05
905,1003,emissions,PM2.5,10.471,2024-01-06
906,1003,emissions,PM2.5,39.925,2024-01-07
907,1003,emissions,PM2.5,24.968,2024-01-08
908,1003,emissions,PM2.5,30.949,2024-01-09
909,1003,emissions,PM2.5,23.483,2024-01-10
910,1003,emissions,PM2.5,18.447,2024-01-11
911,1003,emissions,PM2.5,16.009,2024-01-12
912,1003,emissions,PM2.5,16.784,2024-01-13
913,1003,emissions,PM2.5,25.213,2024-01-14
914,1003,emissions,PM2.5,25.398,2024-01-15
915,1003,emissions,PM2.5,37.898,2024-01-16
916,1003,emissions,PM2.5,21.769,2024-01-17
917,1003,emissions,PM2.5,37.431,2024-01-18
918,1003,emissions,PM2.5,43.037,2024-01-19
919,1003,emissions,PM2.5,35.77,2024-01-20
920,1003,emissions,PM2.5,32.756,2024-01-21
921,1003,emissions,PM2.5,33.916,2024-01-22
922,1003,emissions,PM2.5,39.208,2024-01-23
923,1003,emissions,PM2.5,12.597,2024-01-24
924,1003,emissions,PM2.5,21.129,2024-01-25
925,1003,emissions,PM2.5,29.373,2024-01-26
926,1003,emissions,PM2.5,34.563,2024-01-27
927,1003,emissions,PM2.5,14.728,2024-01-28
928,1003,emissions,PM2.5,28.745,2024-01-29
929,1003,emissions,PM2.5,24.485,2024-01-30
930,1003,emissions,PM2.5,30.777,2024-01-31
931,1003,water,pH,7.652,2024-01-01
932,1003,water,pH,8.37,2024-01-02
933,1003,water,pH,40.38,2024-01-03
934,1003,water,pH,7.646,2024-01-04
935,1003,water,pH,7.528,2024-01-05
936,1003,water,pH,7.41,2024-01-06
937,1003,water,pH,7.854,2024-01-07
938,1003,water,pH,8.181,2024-01-08
939,1003,water,pH,7.94,2024-01-09
940,1003,water,pH,7.473,2024-01-10
941,1003,water,pH,34.61,2024-01-11
942,1003,water,pH,7.578,2024-01-12
943,1003,water,pH,6.894,2024-01-13
944,1003,water,pH,6.953,2024-01-14
945,1003,water,pH,8.377,2024-01-15
946,1003,water,pH,7.618,2024-01-16
947,1003,water,pH,7.46,2024-01-17
948,1003,water,pH,8.802,2024-01-18
949,1003,water,pH,7.848,2024-01-19
950,1003,water,pH,7.14,2024-01-20
951,1003,water,pH,6.999,2024-01-21
952,1003,water,pH,7.071,2024-01-22
953,1003,water,pH,7.609,2024-01-23
954,1003,water,pH,6.562,2024-01-24
955,1003,water,pH,7.578,2024-01-25
956,1003,water,pH,7.248,2024-01-26
957,1003,water,pH,7.549,2024-01-27
958,1003,water,pH,7.667,2024-01-28
959,1003,water,pH,8.292,2024-01-29
960,1003,water,pH,7.893,2024-01-30
961,1003,water,pH,35.475,2024-01-31
962,1003,water,turbidity,7.392,2024-01-01
963,1003,water,turbidity,0.347,2024-01-02
964,1003,water,turbidity,1.854,2024-01-03
965,1003,water,turbidity,2.463,2024-01-04
966,1003,water,turbidity,0.851,2024-01-05
967,1003,water,turbidity,4.69,2024-01-06
968,1003,water,turbidity,3.231,2024-01-07
969,1003,water,turbidity,0.365,2024-01-08
970,1003,water,turbidity,7.999,2024-01-09
971,1003,water,turbidity,5.963,2024-01-10
972,1003,water,turbidity,1.64,2024-01-11
973,1003,water,turbidity,2.454,2024-01-12
974,1003,water,turbidity,10.601,2024-01-13
975,1003,water,turbidity,7.497,2024-01-14
976,1003,water,turbidity,5.154,2024-01-15
977,1003,water,turbidity,1.019,2024-01-16
978,1003,water,turbidity,4.256,2024-01-17
979,1003,water,turbidity,0.355,2024-01-18
980,1003,water,turbidity,3.372,2024-01-19
981,1003,water,turbidity,0.144,2024-01-20
982,1003,water,turbidity,5.244,2024-01-21
983,1003,water,turbidity,0.746,2024-01-22
984,1003,water,turbidity,4.919,2024-01-23
985,1003,water,turbidity,1.49,2024-01-24
986,1003,water,turbidity,9.426,2024-01-25
987,1003,water,turbidity,1.429,2024-01-26
988,1003,water,turbidity,3.011,2024-01-27
989,1003,water,turbidity,0.853,2024-01-28
990,1003,water,turbidity,2.269,2024-01-29
991,1003,water,turbidity,2.183,2024-01-30
992,1003,water,turbidity,2.629,2024-01-31
993,1003,water,dissolved_oxygen,9.028,2024-01-01
994,1003,water,dissolved_oxygen,10.614,2024-01-02
995,1003,water,dissolved_oxygen,9.38,2024-01-03
996,1003,water,dissolved_oxygen,8.886,2024-01-04
997,1003,water,dissolved_oxygen,8.094,2024-01-05
998,1003,water,dissolved_oxygen,10.183,2024-01-06
999,1003,water,dissolved_oxygen,10.168,2024-01-07
1000,1003,water,dissolved_oxygen,10.135,2024-01-08
1001,1003,water,dissolved_oxygen,7.084,2024-01-09
1002,1003,water,dissolved_oxygen,8.575,2024-01-10
1003,1003,water,dissolved_oxygen,5.522,2024-01-11
1004,1003,water,dissolved_oxygen,8.484,2024-01-12
1005,1003,water,dissolved_oxygen,5.121,2024-01-13
1006,1003,water,dissolved_oxygen,6.988,2024-01-14
1007,1003,water,dissolved_oxygen,9.899,2024-01-15
1008,1003,water,dissolved_oxygen,9.388,2024-01-16
1009,1003,water,dissolved_oxygen,8.335,2024-01-17
1010,1003,water,dissolved_oxygen,9.204,2024-01-18
1011,1003,water,dissolved_oxygen,10.731,2024-01-19
1012,1003,water,dissolved_oxygen,10.385,2024-01-20
1013,1003,water,dissolved_oxygen,8.986,2024-01-21
1014,1003,water,dissolved_oxygen,5.639,2024-01-22
1015,1003,water,dissolved_oxygen,9.426,2024-01-23
1016,1003,water,dissolved_oxygen,9.779,2024-01-24
1017,1003,water,dissolved_oxygen,7.752,2024-01-25
1018,1003,water,dissolved_oxygen,9.713,2024-01-26
1019,1003,water,dissolved_oxygen,6.576,2024-01-27
1020,1003,water,dissolved_oxygen,8.774,2024-01-28
1021,1003,water,dissolved_oxygen,8.993,2024-01-29
1022,1003,water,dissolved_oxygen,9.288,2024-01-30
1023,1003,water,dissolved_oxygen,49.255,2024-01-31
1024,1003,water,temperature,14.257,2024-01-01
1025,1003,water,temperature,22.131,2024-01-02
1026,1003,water,temperature,13.211,2024-01-03
1027,1003,water,temperature,22.53,2024-01-04
1028,1003,water,temperature,18.874,2024-01-05
1029,1003,water,temperature,20.572,2024-01-06
1030,1003,water,temperature,19.103,2024-01-07
1031,1003,water,temperature,16.831,2024-01-08
1032,1003,water,temperature,16.578,2024-01-09
1033,1003,water,temperature,16.461,2024-01-10
1034,1003,water,temperature,23.65,2024-01-11
1035,1003,water,temperature,21.624,2024-01-12
1036,1003,water,temperature,3.849,2024-01-13
1037,1003,water,temperature,22.698,2024-01-14
1038,1003,water,temperature,17.785,2024-01-15
1039,1003,water,temperature,22.707,2024-01-16
1040,1003,water,temperature,13.4,2024-01-17
1041,1003,water,temperature,11.789,2024-01-18
1042,1003,water,temperature,19.688,2024-01-19
1043,1003,water,temperature,14.113,2024-01-20
1044,1003,water,temperature,18.456,2024-01-21
1045,1003,water,temperature,18.232,2024-01-22
1046,1003,water,temperature,18.745,2024-01-23
1047,1003,water,temperature,4.126,2024-01-24
1048,1003,water,temperature,18.964,2024-01-25
1049,1003,water,temperature,17.871,2024-01-26
1050,1003,water,temperature,21.472,2024-01-27
1051,1003,water,temperature,19.394,2024-01-28
1052,1003,water,temperature,18.791,2024-01-29
1053,1003,water,temperature,14.72,2024-01-30
1054,1003,water,temperature,20.404,2024-01-31
1055,1003,water,conductivity,656.306,2024-01-01
1056,1003,water,conductivity,572.807,2024-01-02
1057,1003,water,conductivity,251.182,2024-01-03
1058,1003,water,conductivity,351.777,2024-01-04
1059,1003,water,conductivity,609.704,2024-01-05
1060,1003,water,conductivity,622.332,2024-01-06
1061,1003,water,conductivity,531.872,2024-01-07
1062,1003,water,conductivity,586.897,2024-01-08
1063,1003,water,conductivity,431.317,2024-01-09
1064,1003,water,conductivity,459.436,2024-01-10
1065,1003,water,conductivity,406.16,2024-01-11
1066,1003,water,conductivity,477.796,2024-01-12
1067,1003,water,conductivity,439.44,2024-01-13
1068,1003,water,conductivity,396.332,2024-01-14
1069,1003,water,conductivity,553.772,2024-01-15
1070,1003,water,conductivity,405.454,2024-01-16
1071,1003,water,conductivity,379.259,2024-01-17
1072,1003,water,conductivity,620.439,2024-01-18
1073,1003,water,conductivity,55.637,2024-01-19
1074,1003,water,conductivity,554.75,2024-01-20
1075,1003,water,conductivity,555.751,2024-01-21
1076,1003,water,conductivity,657.751,2024-01-22
1077,1003,water,conductivity,562.452,2024-01-23
1078,1003,water,conductivity,618.449,2024-01-24
1079,1003,water,conductivity,559.757,2024-01-25
1080,1003,water,conductivity,389.477,2024-01-26
1081,1003,water,conductivity,446.606,2024-01-27
1082,1003,water,conductivity,523.621,2024-01-28
1083,1003,water,conductivity,474.072,2024-01-29
1084,1003,water,conductivity,458.338,2024-01-30
1085,1003,water,conductivity,512.3,2024-01-31
1086,1003,water,total_suspended_solids,226.727,2024-01-01
1087,1003,water,total_suspended_solids,112.156,2024-01-02
1088,1003,water,total_suspended_solids,20.119,2024-01-03
1089,1003,water,total_suspended_solids,118.232,2024-01-04
1090,1003,water,total_suspended_solids,119.586,2024-01-05
1091,1003,water,total_suspended_solids,12.079,2024-01-06
1092,1003,water,total_suspended_solids,33.679,2024-01-07
1093,1003,water,total_suspended_solids,176.791,2024-01-08
1094,1003,water,total_suspended_solids,53.654,2024-01-09
1095,1003,water,total_suspended_solids,15.236,2024-01-10
1096,1003,water,total_suspended_solids,94.253,2024-01-11
1097,1003,water,total_suspended_solids,114.822,2024-01-12
1098,1003,water,total_suspended_solids,31.593,2024-01-13
1099,1003,water,total_suspended_solids,9.729,2024-01-14
1100,1003,water,total_suspended_solids,59.558,2024-01-15
1101,1003,water,total_suspended_solids,124.938,2024-01-16
1102,1003,water,total_suspended_solids,36.3,2024-01-17
1103,1003,water,total_suspended_solids,4.2,2024-01-18
1104,1003,water,total_suspended_solids,3.057,2024-01-19
1105,1003,water,total_suspended_solids,155.697,2024-01-20
1106,1003,water,total_suspended_solids,1.924,2024-01-21
1107,1003,water,total_suspended_solids,10.563,2024-01-22
1108,1003,water,total_suspended_solids,13.945,2024-01-23
1109,1003,water,total_suspended_solids,38.909,2024-01-24
1110,1003,water,total_suspended_solids,84.07,2024-01-25
1111,1003,water,total_suspended_solids,21.912,2024-01-26
1112,1003,water,total_suspended_solids,1.436,2024-01-27
1113,1003,water,total_suspended_solids,6.087,2024-01-28
1114,1003,water,total_suspended_solids,19.709,2024-01-29
1115,1003,water,total_suspended_solids,79.437,2024-01-30
1116,1003,water,total_suspended_solids,5.099,2024-01-31
